hidden_size,output_dropout,seq_length_1D,seq_length_1H,num_layers,epochs,batch_size,schedule_pairs,learning_rate,NSE_1D,MSE_1D,RMSE_1D,KGE_1D,Alpha-NSE_1D,Beta-KGE_1D,Beta-NSE_1D,Pearson-r_1D,FHV_1D,FMS_1D,FLV_1D,Peak-Timing_1D,Peak-MAPE_1D,NSE_1H,MSE_1H,RMSE_1H,KGE_1H,Alpha-NSE_1H,Beta-KGE_1H,Beta-NSE_1H,Pearson-r_1H,FHV_1H,FMS_1H,FLV_1H,Peak-Timing_1H,Peak-MAPE_1H
64,0.4,120,168,1,32,128,"((0.5, 0.25), (0.01, 0.005, 0.001))","{0: 0.01, 16: 0.005, 24: 0.001}",0.7637983113527298,40447.609375,201.11591029801696,0.7705832429411931,0.8069667269278858,0.9860894680023193,-0.010644436142159052,0.8768062460755914,-17.486220598220825,-21.918263120971773,-2122.0353372896957,0.4,53.507204055786126,0.7964892387390137,44452.2734375,210.83707794764183,0.8555599758808922,0.9045808290722478,1.0149476528167725,0.010128267445289333,0.8926004187053874,-9.055713564157486,-18.225947391264405,-1403.958841097524,,41.81389808654785
256,0.4,90,168,1,16,64,"((0.5, 0.25), (0.01, 0.005, 0.001))","{0: 0.01, 8: 0.005, 12: 0.001}",0.8056111931800842,33287.49609375,182.4486122001206,0.8070591969741318,0.8351228560425503,1.0046544075012207,0.003561616518879923,0.8998999632192181,-15.950359404087067,-18.793884147295454,49.08703443836328,0.4,44.035348892211914,0.7958275079727173,44596.8125,211.17957405961403,0.8489816087450547,0.8980493992515882,0.9714035987854004,-0.019376392302124956,0.8923204971136878,-12.802733480930328,-8.367346628452148,-1389.5532755742624,,41.05604887008667
128,0.4,90,168,1,16,128,"((0.5, 0.25), (0.01, 0.005, 0.001))","{0: 0.01, 8: 0.005, 12: 0.001}",0.7928358465433121,35475.171875,188.34853828739952,0.7911675837223487,0.82078206741754,1.0114572048187256,0.008767129793580374,0.8934136819897938,-18.38330775499344,-13.89236916166445,22.533794104034445,0.4,50.720996856689446,0.7942717522382736,44936.6328125,211.9826238456822,0.8199772755253684,0.8560747142393346,0.9957749247550964,-0.0028628304403572964,0.8919451889772841,-15.029381215572357,-14.67769095873053,-1396.9510309868772,,42.511242628097534
64,0.4,90,336,1,16,64,"((0.5, 0.25), (0.01, 0.005, 0.001))","{0: 0.01, 8: 0.005, 12: 0.001}",0.8043079227209091,33510.671875,183.05920319667078,0.7730964315841513,0.8004394442595031,0.9515482187271118,-0.03707569417782817,0.9034948765926185,-19.87159103155136,-13.967569222480813,23.64507163881504,0.4,44.604501724243164,0.7801459729671478,48022.0859375,219.13942123109663,0.8356096342528467,0.8857189796588398,0.9810798168182373,-0.012819953607559444,0.8833549512039423,-10.000640153884888,-16.184176774424085,-1401.5480955114685,,43.54000389575958
64,0.4,120,168,1,16,128,"((0.5, 0.25), (0.01, 0.005, 0.001))","{0: 0.01, 8: 0.005, 12: 0.001}",0.7310864627361298,46049.25,214.59088983458733,0.6884238125607534,0.727534603248678,0.925616443157196,-0.05691890192918006,0.8684347514586979,-26.49798095226288,-14.40571270716679,-166.06325623561176,0.6,67.73978233337402,0.7733885496854782,49498.08984375,222.481661814519,0.7452809466792856,0.780460351336153,0.9377194046974182,-0.04220015666133231,0.8868396437001385,-21.982702612876892,-12.472838280094527,-1391.7322310136642,,47.57109880447388
256,0.4,90,336,1,32,128,"((0.5, 0.25), (0.01, 0.005, 0.001))","{0: 0.01, 16: 0.005, 24: 0.001}",0.7977468520402908,34634.19921875,186.1026577423063,0.8073585601788742,0.8390557154966418,0.9866932034492493,-0.010182484265686046,0.8949733805760869,-14.82056975364685,-15.510400465178275,20.02472389517254,0.4,45.52777290344238,0.772121399641037,49774.87109375,223.10282627916214,0.8006307104860046,0.8414543176025122,0.9897557497024536,-0.006941301103968745,0.8795573350914575,-16.3144513964653,-16.902547148691657,44.765247441,,44.106367230415344
64,0.4,90,336,1,32,64,"((0.5, 0.25), (0.01, 0.005, 0.001))","{0: 0.01, 16: 0.005, 24: 0.001}",0.7973965406417847,34694.1875,186.2637578811294,0.8147590794997832,0.849912469559038,0.975314736366272,-0.01888936267307893,0.8942712451920752,-13.289736211299896,-16.263157993933916,30.276519358998154,0.4,43.03037166595459,0.7713353186845779,49946.5703125,223.4872934027794,0.8168574143085903,0.8647306576928994,0.9781213998794556,-0.01482451606196559,0.8784897593521225,-12.955416738986969,-24.729073653206683,13.476303938251483,,47.375211119651794
128,0.4,90,168,1,16,64,"((0.5, 0.25), (0.01, 0.005, 0.001))","{0: 0.01, 8: 0.005, 12: 0.001}",0.7817962467670441,37365.609375,193.30186076445307,0.7998246331701236,0.8364531801006116,0.98436439037323,-0.011964509352386833,0.8856402916326216,-16.311228275299072,-20.637439941199165,-24.313621790372824,0.4,38.9717173576355,0.7704268246889114,50145.01171875,223.93081904630725,0.7677447835820335,0.8022658039758755,0.9716073870658875,-0.01923828846841477,0.8815199054405204,-21.45044356584549,-23.094053824857223,-1402.8608793462122,,47.33754098415375
64,0.4,90,168,1,16,64,"((0.5, 0.25), (0.01, 0.005, 0.001))","{0: 0.01, 8: 0.005, 12: 0.001}",0.790408581495285,35890.8203125,189.44872739741484,0.8055497793090984,0.8394074154485734,0.9938957095146179,-0.004671067992324991,0.890530151404584,-14.426195621490479,-17.750923263562523,0.30081532051397514,0.6,49.1058349609375,0.7684410512447357,50578.7578125,224.8972161066028,0.7766110384085948,0.8173199054181366,0.9556781649589539,-0.0300316091271028,0.8793095441095609,-18.76268833875656,-18.706909679785884,-1400.2556413373773,,47.777771949768066
128,0.4,90,336,1,32,128,"((0.5, 0.25), (0.01, 0.005, 0.001))","{0: 0.01, 16: 0.005, 24: 0.001}",0.7763291448354721,38301.80859375,195.70847859443904,0.7520747002325658,0.7864884828405969,0.9421861171722412,-0.044239635618495594,0.8880297304752722,-22.100117802619934,-16.93594686214352,-2102.751309405888,0.4,56.908631324768066,0.767647847533226,50752.015625,225.28208012400808,0.7789671809555592,0.830061632835254,0.9271153807640076,-0.049385212664232556,0.878903795522168,-19.706469774246216,-14.797215756362148,-1394.755907864594,,46.81745767593384
256,0.4,90,168,1,32,128,"((0.5, 0.25), (0.01, 0.005, 0.001))","{0: 0.01, 16: 0.005, 24: 0.001}",0.785322293639183,36761.8046875,191.73368167200044,0.7633264371770832,0.7901074746085024,0.9819120168685913,-0.013841078229898345,0.8921467293481067,-20.937255024909973,-17.858292449539384,-22.22075802212594,0.4,52.956361770629876,0.7673143893480301,50824.8515625,225.44367714021166,0.7851722607998053,0.8248216534274172,0.9775528311729431,-0.015209770255294242,0.8776904376853037,-18.12744438648224,-19.01345203845145,56.09587675488971,,44.737452268600464
64,0.4,90,336,1,48,128,"((0.5, 0.25), (0.01, 0.005, 0.001))","{0: 0.01, 24: 0.005, 36: 0.001}",0.7525736689567566,42369.73828125,205.83910775469758,0.7980552138607473,0.8486011722545095,0.9800337553024292,-0.01527833559269886,0.8678582553513217,-12.954320013523102,-20.420241577321406,-2114.1387905676074,0.6,56.469764709472656,0.7657559961080551,51165.25,226.1973695691442,0.79353370564518,0.840691187813117,0.9558426141738892,-0.029920211897642008,0.8763102334822335,-17.51856505870819,-22.23588791915337,-1400.6868862649228,,44.52325701713562
128,0.4,120,168,1,16,128,"((0.5, 0.25), (0.01, 0.005, 0.001))","{0: 0.01, 8: 0.005, 12: 0.001}",0.7622644305229187,40710.27734375,201.76787986136446,0.6815294711899793,0.6995453638365133,0.9932480454444885,-0.0051666485494607835,0.8946202085877879,-31.903356313705444,-23.72866579294537,47.59278226044496,0.4,50.81399440765381,0.7644028663635254,51460.8046875,226.84974032936427,0.788601091538438,0.8294010851369977,0.9902043342590332,-0.00663734207516453,0.8755429645259167,-16.34036749601364,-21.253005464786952,-1399.571956450389,,43.675583600997925
64,0.4,90,168,1,32,64,"((0.5, 0.25), (0.01, 0.005, 0.001))","{0: 0.01, 16: 0.005, 24: 0.001}",0.7760784476995468,38344.73828125,195.8181255176599,0.7837366239716468,0.8251276156808178,0.948175311088562,-0.039656695418696986,0.8837945843218232,-16.15530550479889,-21.6355532798554,-2100.856123959125,0.6,51.520586013793945,0.761881873011589,52011.4609375,228.06021340317122,0.7891149911288986,0.8363052973626934,0.9570878744125366,-0.02907643991693136,0.8741624826507848,-16.720135509967804,-21.093015548825882,-6.654562247298489,,44.86042559146881
64,0.4,90,336,1,32,128,"((0.5, 0.25), (0.01, 0.005, 0.001))","{0: 0.01, 16: 0.005, 24: 0.001}",0.7623211741447449,40700.55859375,201.74379443678063,0.7460864819114925,0.7867559635966582,0.9330448508262634,-0.051234622437675216,0.8795173721833071,-20.88109254837036,-19.524539594764352,-2102.8157158208082,0.4,56.73338890075683,0.7617079466581345,52049.453125,228.14349240116405,0.7873596743644247,0.8320459531201803,0.9660968780517578,-0.022972119872299336,0.8740717484229316,-17.687061429023743,-23.21350227320897,-70.99543702440407,,45.27936279773712
128,0.4,90,336,1,16,64,"((0.5, 0.25), (0.01, 0.005, 0.001))","{0: 0.01, 8: 0.005, 12: 0.001}",0.7795380204916,37752.3125,194.29954323157838,0.7701101470269334,0.8014678476626665,0.9728319048881531,-0.020789235636312898,0.8873224796320152,-18.557988107204437,-15.651187695292451,-2106.02891983588,0.4,56.331925392150886,0.7617075443267822,52049.5390625,228.1436807419833,0.7585895486479375,0.7938101274055207,0.9754893779754639,-0.01660791649047273,0.8768579199889444,-20.81305682659149,-22.615954634330755,-53.12175345180062,,48.62035810947418
128,0.4,90,168,1,48,128,"((0.5, 0.25), (0.01, 0.005, 0.001))","{0: 0.01, 24: 0.005, 36: 0.001}",0.753395602107048,42228.98828125,205.49693010176574,0.7692949665306256,0.810707327674767,0.9766306281089783,-0.017882419677969982,0.870204125144532,-18.51385235786438,-15.224927863901058,-340.5389999459816,0.6,58.070101737976074,0.7611681520938873,52167.35546875,228.40174138729765,0.8126925828539394,0.8631325057637945,1.0100977420806885,0.00684204917619594,0.8725268924662832,-14.95630294084549,-20.876718038962984,-1402.030564780816,,42.1664297580719
256,0.4,120,336,1,32,64,"((0.5, 0.25), (0.01, 0.005, 0.001))","{0: 0.01, 16: 0.005, 24: 0.001}",0.7917673289775848,35658.14453125,188.83364247731387,0.7500499429546357,0.7757676446958794,0.9554734230041504,-0.03407212201547303,0.8989442441382967,-23.558716475963593,-11.421780349338242,-9.005833796187371,0.4,56.69680595397949,0.7607531845569611,52257.99609375,228.60007894519634,0.78113430947029,0.8211867474647009,0.9991380572319031,-0.0005840192381578738,0.873796718491718,-19.8064386844635,-19.86131079137327,11.77028323738913,,44.551414251327515
256,0.4,120,336,1,16,64,"((0.5, 0.25), (0.01, 0.005, 0.001))","{0: 0.01, 8: 0.005, 12: 0.001}",0.7772575467824936,38142.828125,195.30188971179976,0.6750048078599558,0.6901958531411916,0.9637773633003235,-0.027717850059447543,0.9087246687557178,-31.169989705085754,-24.64616708855236,76.57564117473314,0.4,54.795517921447754,0.7602374106645584,52370.65625,228.84635948600973,0.7271435682210015,0.788671162953121,0.8751266002655029,-0.08461181134506997,0.8808472029940989,-23.820728063583374,6.962176307141959,-1368.415711005744,,47.029030323028564
128,0.4,90,168,1,32,128,"((0.5, 0.25), (0.01, 0.005, 0.001))","{0: 0.01, 16: 0.005, 24: 0.001}",0.7798550128936768,37698.03125,194.1598085341042,0.7676621123991757,0.8035987703112437,0.946331262588501,-0.041067772558613096,0.8880753931603366,-19.383014738559723,-16.195375754919265,-2096.4643893019806,0.4,55.7427978515625,0.7593746781349182,52559.1015625,229.25771865413822,0.80748442843838,0.8622855342143596,0.9588601589202881,-0.027875556888201324,0.8719200067028071,-14.360964298248291,-19.210929450827162,-1396.0163468250591,,47.42810130119324
128,0.4,120,336,1,16,64,"((0.5, 0.25), (0.01, 0.005, 0.001))","{0: 0.01, 8: 0.005, 12: 0.001}",0.7812779396772385,37454.3671875,193.53130802921785,0.7254218717483409,0.7492137452217406,0.9571865797042847,-0.03276119344647811,0.8967216674657219,-24.39315617084503,-17.57013278016053,-540.1615233607235,0.4,53.7320613861084,0.7593408226966858,52566.49609375,229.2738452020858,0.7472078245170626,0.7850074608718864,0.9497300386428833,-0.03406195566520862,0.8768942605326756,-21.07734978199005,-23.65735881171514,-1404.1371658374223,,47.415414452552795
64,0.4,90,168,1,48,128,"((0.5, 0.25), (0.01, 0.005, 0.001))","{0: 0.01, 24: 0.005, 36: 0.001}",0.7378586530685425,44889.5625,211.87157076870884,0.7675750366555725,0.814374328809145,1.0050498247146606,0.003864127150631563,0.8602181233100862,-13.833360373973846,-30.61179888846302,-2131.4589565511733,0.6,60.186662673950195,0.7590951323509216,52620.1640625,229.39085435670708,0.8671836998364173,0.959641097193495,1.0223321914672852,0.01513187055145677,0.8754504043456323,-2.8526661917567253,-20.923214750401918,-1404.5058210223283,,39.570534229278564
256,0.4,120,168,1,16,64,"((0.5, 0.25), (0.01, 0.005, 0.001))","{0: 0.01, 8: 0.005, 12: 0.001}",0.7474482357501984,43247.42578125,207.960154311469,0.6577702151635817,0.6893215811910659,0.9072368144989014,-0.07098313890400294,0.8904776866056489,-30.56134581565857,-24.804022878016404,37.05367102508896,0.4,64.11499977111816,0.7563781589269638,53213.625,230.6807859358902,0.7389189147502813,0.7705034893582344,1.0122829675674438,0.008322731224996023,0.8761298527240641,-23.797178268432617,-20.92634507087646,-257.9033956672117,,41.90157949924469
128,0.4,120,336,1,32,128,"((0.5, 0.25), (0.01, 0.005, 0.001))","{0: 0.01, 16: 0.005, 24: 0.001}",0.7641432583332062,40388.5390625,200.9690002525265,0.7687190405043809,0.8070488812047681,0.9649715423583984,-0.02680404966012171,0.8773877855345029,-19.494490325450897,-13.873938145248966,-2103.449994464979,0.4,59.433431625366204,0.7559608221054077,53304.78125,230.8782823264241,0.7955918265119352,0.8482030569071376,0.9563754200935364,-0.02955918301036843,0.8702414338689978,-15.199127793312073,-18.827236144856105,48.22535168218109,,46.013784408569336
128,0.4,120,168,1,32,128,"((0.5, 0.25), (0.01, 0.005, 0.001))","{0: 0.01, 16: 0.005, 24: 0.001}",0.7901526093482971,35934.65234375,189.56437519679164,0.7505425210040586,0.7814733845954389,0.9365158081054688,-0.04857862038927558,0.8977996596564575,-21.645523607730865,-18.352788672300633,-264.2432408949242,0.4,50.550546646118164,0.75412817299366,53705.08203125,231.74356955749602,0.795373775217719,0.8446598936802903,0.9765211343765259,-0.015908843372883487,0.8688890313274107,-16.048945486545563,-21.995234989012932,-213.14234522062304,,45.799797773361206
128,0.4,90,336,1,48,128,"((0.5, 0.25), (0.01, 0.005, 0.001))","{0: 0.01, 24: 0.005, 36: 0.001}",0.7911108732223511,35770.55859375,189.13106194845415,0.8143719643163183,0.8510972905755475,0.9834441542625427,-0.012668646727317271,0.8904023050892184,-14.63397741317749,-18.437033934191536,-2113.280512817402,0.4,49.27359104156494,0.753893256187439,53756.39453125,231.85425277801139,0.8412885785851674,0.9107016693390684,0.9885749816894531,-0.007741389176995179,0.8692919574575031,-10.326827317476273,-19.318925507198877,-1400.8456817245087,,43.22727620601654
128,0.4,120,168,1,32,64,"((0.5, 0.25), (0.01, 0.005, 0.001))","{0: 0.01, 16: 0.005, 24: 0.001}",0.765033945441246,40236.01953125,200.58918099252014,0.7714629156038286,0.8144543444199326,0.9461387991905212,-0.04121504553072622,0.8779304309542023,-18.27375441789627,-8.917773492874717,-92.67539344271223,0.4,61.79816722869873,0.7536326348781586,53813.3203125,231.9769822902695,0.8127205840782716,0.8716976859413039,0.9637672305107117,-0.024550617307812356,0.8684732641235877,-13.69778960943222,-17.824693750923963,-1397.2771059376603,,44.955870509147644
64,0.4,120,168,1,48,64,"((0.5, 0.25), (0.01, 0.005, 0.001))","{0: 0.01, 24: 0.005, 36: 0.001}",0.7671726644039154,39869.77734375,199.6741779593696,0.7883228544779278,0.8277689420549809,0.9904064536094666,-0.007341081991000788,0.8773148726081084,-17.21128225326538,-21.01060179306094,-2109.262940288923,0.4,50.251402854919434,0.7536302655935287,53813.8359375,231.978093658647,0.8392539477846687,0.9069145553213268,1.0001864433288574,0.00012635031594761693,0.8689490231601732,-9.538686275482178,-20.93375095102355,-58.594023874144966,,41.89103841781616
64,0.4,90,168,1,16,128,"((0.5, 0.25), (0.01, 0.005, 0.001))","{0: 0.01, 8: 0.005, 12: 0.001}",0.7392532229423523,44650.7578125,211.30725925178245,0.725453484117615,0.7627610149784798,0.9645184874534607,-0.027150734808796612,0.8664540691876935,-21.749822795391083,-19.659195768083237,-12.96826277984804,0.4,60.98223686218262,0.7497327625751495,54665.15625,233.80580884571708,0.7941281892720325,0.8442291272542921,1.0147737264633179,0.010010405781059127,0.8662077182239588,-13.119679689407349,-18.92293996716925,2.794728054485311,,44.86869275569916
256,0.4,120,168,1,16,128,"((0.5, 0.25), (0.01, 0.005, 0.001))","{0: 0.01, 8: 0.005, 12: 0.001}",0.7677359282970428,39773.32421875,199.4325054216338,0.7378366819653811,0.7654662063470595,0.981336772441864,-0.014281274709889944,0.88434884827727,-25.933855772018433,-9.699407542215605,-2117.1790580210704,0.4,52.41675853729249,0.7497318685054779,54665.3515625,233.80622652636947,0.7186738290588208,0.7535752895087316,0.9469144344329834,-0.03596974749003628,0.8750952393055008,-24.369274079799652,-19.586682431692065,-1402.2106503574635,,46.59298360347748
64,0.4,120,336,1,32,128,"((0.5, 0.25), (0.01, 0.005, 0.001))","{0: 0.01, 16: 0.005, 24: 0.001}",0.7651501446962357,40216.12109375,200.53957488174248,0.7282680375287832,0.7585700406508802,0.9530612230300903,-0.0359179383494837,0.8844725773951907,-23.89005571603775,-17.59995545148579,-2103.9689820680783,0.4,58.58256816864014,0.7491692006587982,54788.25390625,234.06890845699692,0.7247383112859678,0.7608476480296794,0.9492092728614807,-0.0344148223873693,0.8735268729828145,-22.591784596443176,-21.622955900381974,-34.59197810445301,,48.788779973983765
64,0.4,120,336,1,48,128,"((0.5, 0.25), (0.01, 0.005, 0.001))","{0: 0.01, 24: 0.005, 36: 0.001}",0.7789672762155533,37850.05078125,194.55089509238965,0.7594237362189622,0.790872453346474,0.9585181474685669,-0.031742229672974354,0.8885465844575358,-22.108948230743408,-15.391677470321238,-2098.250510847235,0.4,51.627817153930664,0.748455673456192,54944.10546875,234.40159015832208,0.767088471813466,0.8087416004791256,0.9975982904434204,-0.0016273398315485835,0.8671006532517709,-20.6560879945755,-16.321376430344888,-48.658822667548954,,44.26422119140625
128,0.4,120,168,1,48,128,"((0.5, 0.25), (0.01, 0.005, 0.001))","{0: 0.01, 24: 0.005, 36: 0.001}",0.7285402417182922,46485.26953125,215.60442836651106,0.6634333605560432,0.7009281220874503,0.9116171598434448,-0.06763125915662514,0.8734235875278487,-32.63724148273468,-19.982855013227443,-2083.851584992321,0.8,58.88498783111572,0.7469557523727417,55271.73046875,235.09940550488426,0.7403379307748662,0.7805632599138963,0.9529160857200623,-0.03190316093882921,0.8694051597085803,-23.014575242996216,-26.617649439994096,-1402.9625276494755,,46.31916880607605
256,0.4,90,336,1,16,128,"((0.5, 0.25), (0.01, 0.005, 0.001))","{0: 0.01, 8: 0.005, 12: 0.001}",0.7621106803417206,40736.6015625,201.8331032375512,0.7356747211389456,0.7729009471635904,0.9356401562690735,-0.04924868660090293,0.8810391503026711,-22.823768854141235,-13.033264289731164,36.17681193522021,0.4,57.85263061523438,0.7443634569644928,55837.9609375,236.30057329067148,0.7639641335571619,0.8099417652373258,0.9635440707206726,-0.024701845903024076,0.8648639098290238,-17.546391487121582,-17.74002239955158,-1395.5154688078767,,47.70411550998688
128,0.4,120,336,1,32,64,"((0.5, 0.25), (0.01, 0.005, 0.001))","{0: 0.01, 16: 0.005, 24: 0.001}",0.7946651577949524,35161.9140625,187.5151035583534,0.7594671092129498,0.7831599071789416,0.9740962386131287,-0.019821747343297353,0.8991761891131771,-23.008491098880768,-12.825754509431157,-126.51100105989113,0.4,53.48903656005859,0.7441238164901733,55890.3046875,236.41130406031772,0.7513810067489821,0.7936852789279538,0.964117169380188,-0.024313522735612977,0.8659923056655948,-23.675663769245148,-17.020544960725935,66.25977163669675,,49.19204115867615
64,0.4,90,336,1,48,64,"((0.5, 0.25), (0.01, 0.005, 0.001))","{0: 0.01, 24: 0.005, 36: 0.001}",0.8064512312412262,33143.64453125,182.05396049317355,0.8134957298751185,0.8427008874874317,0.9968400597572327,-0.0024180201350250527,0.8998458849810191,-15.305419266223907,-23.321366822383872,-2108.8314884762676,0.4,43.38970184326172,0.7438859045505524,55942.26953125,236.52118199275515,0.8209582332334753,0.8852972242631263,0.99128657579422,-0.00590405316142203,0.8628019543734488,-13.727425038814545,-20.884276617669805,-1396.2287677674692,,45.29475271701813
64,0.4,90,168,1,48,64,"((0.5, 0.25), (0.01, 0.005, 0.001))","{0: 0.01, 24: 0.005, 36: 0.001}",0.7683200091123581,39673.30859375,199.18159702580456,0.7810255989358408,0.819686922882798,0.9727697372436523,-0.02083680252014513,0.8787750218306744,-16.8113574385643,-28.80362913223586,-2118.362392456521,0.4,48.88566493988037,0.7434248924255371,56042.96484375,236.73395371967663,0.784498740947521,0.8380275142015143,0.9622386693954468,-0.025586363411978296,0.8629606319029577,-18.26816499233246,-28.011138321484648,-1403.458443308546,,46.40568494796753
256,0.4,90,336,1,48,128,"((0.5, 0.25), (0.01, 0.005, 0.001))","{0: 0.01, 24: 0.005, 36: 0.001}",0.7654447108507156,40165.67578125,200.41376145676725,0.6776790029532862,0.7220121249093095,0.8729842901229858,-0.09719345060794903,0.8976253161949277,-26.778948307037354,-23.296918287261896,27.486038041299672,0.8,56.34680271148682,0.7434071004390717,56046.85546875,236.74217087107652,0.7713239925220572,0.8299467748477855,0.9297606945037842,-0.04759280120544078,0.8642021466488088,-19.641822576522827,-20.246111161902398,12.44378328454257,,44.25719380378723
64,0.4,120,168,1,16,64,"((0.5, 0.25), (0.01, 0.005, 0.001))","{0: 0.01, 8: 0.005, 12: 0.001}",0.7746925801038742,38582.0546875,196.42315211680113,0.7117048747563544,0.7370217997922397,0.945369303226471,-0.04180384243075184,0.8952525302225623,-27.058207988739014,-14.782999776255023,-2118.13092078301,0.4,58.390846252441406,0.7429281175136566,56151.4765625,236.96302783873267,0.7239431126729508,0.7674222393794561,0.9291456937789917,-0.04800952870744476,0.8692534604841424,-22.6946160197258,-26.999815760367813,-1402.6734302704308,,50.37109851837158
128,0.4,90,336,1,48,64,"((0.5, 0.25), (0.01, 0.005, 0.001))","{0: 0.01, 24: 0.005, 36: 0.001}",0.7905938029289246,35859.1015625,189.3649956103292,0.7910406691075293,0.8279642243935664,0.9503468871116638,-0.03799495186305103,0.8922862020954604,-16.66184961795807,-17.99317569903587,-376.36044237014954,0.4,47.603135108947754,0.7428223788738251,56174.57421875,237.0117596634184,0.8380318512319367,0.9134076556146162,0.9922734498977661,-0.005235343298052755,0.863340761261032,-9.845515340566635,-22.055092824428574,0.7413022667612555,,46.0246205329895
64,0.4,120,168,1,48,128,"((0.5, 0.25), (0.01, 0.005, 0.001))","{0: 0.01, 24: 0.005, 36: 0.001}",0.7842661291360855,36942.6640625,192.20474516124725,0.7927726238196005,0.8315040117688582,0.9550397992134094,-0.03440391024859117,0.8880586415400759,-15.655729174613953,-14.552744532165063,-2096.8734234122044,0.4,51.750941276550286,0.7416501045227051,56430.625,237.55131024686014,0.784465873901347,0.8431107147418627,0.9467050433158875,-0.036111638568358854,0.8621582092530011,-16.7753666639328,-21.608182314727728,-1398.4240509658202,,48.737633228302
256,0.4,120,336,1,48,64,"((0.5, 0.25), (0.01, 0.005, 0.001))","{0: 0.01, 24: 0.005, 36: 0.001}",0.7388602495193481,44718.05078125,211.4664294427132,0.6458312926640819,0.6691510837801056,0.9410829544067383,-0.04508381874908093,0.8881820692792161,-31.766512989997864,-30.256689592720733,21.410434806510303,0.4,63.95728111267089,0.7406380772590637,56651.68359375,238.01614145630964,0.8660879657811336,0.9802354151251057,0.9900677800178528,-0.006729868378884309,0.8679275005931053,-4.585966095328331,6.006894117447423,-168.15030500772107,,42.36460328102112
64,0.4,90,336,1,16,128,"((0.5, 0.25), (0.01, 0.005, 0.001))","{0: 0.01, 8: 0.005, 12: 0.001}",0.7452543079853058,43623.12109375,208.86148781848223,0.7360776092949697,0.7767244396584211,0.9483177065849304,-0.0395476971949698,0.8691107604996834,-20.930056273937225,-18.174647410970678,-98.75684018078897,0.6,63.02294254302978,0.7396831810474396,56860.2578125,238.4538903278787,0.7522661092602292,0.7972733667115826,0.9613874554634094,-0.02616313464751592,0.8629486804842141,-19.218771159648895,-19.193559989657444,9.13197951573076,,50.02227425575256
128,0.4,120,168,1,16,64,"((0.5, 0.25), (0.01, 0.005, 0.001))","{0: 0.01, 8: 0.005, 12: 0.001}",0.7698287069797516,39414.95703125,198.53200505523031,0.7036649553534999,0.7311033732369094,0.935081958770752,-0.049675829843005684,0.8937234234460294,-26.815664768218994,-19.24614420102245,18.025094862059817,0.4,57.11571216583252,0.7395259737968445,56894.59765625,238.52588466715724,0.6764290752233533,0.706939942919694,0.937751293182373,-0.04217854324811336,0.8777746147298555,-29.63017225265503,-27.87859597163573,69.44503027127374,,49.88238513469696
64,0.4,120,336,1,32,64,"((0.5, 0.25), (0.01, 0.005, 0.001))","{0: 0.01, 16: 0.005, 24: 0.001}",0.802457645535469,33827.515625,183.9225805196306,0.799484882375495,0.8288830395961491,0.9740893244743347,-0.019827057134980952,0.8987382838782608,-16.626490652561188,-19.727583543571495,-2102.396006614188,0.4,46.10868453979492,0.7389887869358063,57011.9296875,238.77171040033198,0.7387259059177642,0.7849313241957133,0.9401607513427734,-0.040545914333571624,0.8642469843928975,-22.888371348381042,-26.698770549852664,-1400.3263949594914,,47.66722321510315
256,0.4,120,168,1,32,128,"((0.5, 0.25), (0.01, 0.005, 0.001))","{0: 0.01, 16: 0.005, 24: 0.001}",0.7812897711992264,37452.33984375,193.52607019146026,0.7351058724634777,0.7581701100911559,0.9761717319488525,-0.018233603400154605,0.894551354718544,-26.257935166358948,-10.803338379635077,51.388501822061215,0.4,57.70363330841064,0.7386174201965332,57093.05078125,238.94152167685297,0.7387951325514324,0.7897720104862274,0.9253783822059631,-0.05056219687351204,0.8641184730670809,-23.853537440299988,-20.335668867186264,-1397.1464838660654,,46.55413627624512
256,0.4,90,168,1,16,128,"((0.5, 0.25), (0.01, 0.005, 0.001))","{0: 0.01, 8: 0.005, 12: 0.001}",0.7968779057264328,34783.0,186.50201071302155,0.7703678967145022,0.7950765546590693,0.9774705767631531,-0.017239713642934505,0.8988579736334142,-19.9185773730278,-18.50655709056781,69.24715969943254,0.4,47.127957344055176,0.7380909025669098,57208.0546875,239.1820534394251,0.7785319635673719,0.8374250811188617,0.9444367289543152,-0.03764860690777746,0.8602494729068295,-15.11988639831543,-20.9051581457134,-1.7226786167022545,,48.42708706855774
256,0.4,90,336,1,32,64,"((0.5, 0.25), (0.01, 0.005, 0.001))","{0: 0.01, 16: 0.005, 24: 0.001}",0.8032198548316956,33696.9921875,183.56740502469387,0.8245121498849173,0.8580155066566351,1.0068058967590332,0.005207946929222099,0.8970919392984831,-15.823036432266235,-9.30781467393835,44.12800736693003,0.4,50.35428047180176,0.737876832485199,57254.8125,239.27977871103107,0.7970489975880948,0.8875264095014392,0.9026928544044495,-0.06593344740339979,0.8619053938909793,-11.7568239569664,-12.426914188254592,4.277352597516339,,48.513591289520264
128,0.4,120,336,1,16,128,"((0.5, 0.25), (0.01, 0.005, 0.001))","{0: 0.01, 8: 0.005, 12: 0.001}",0.7740639597177505,38689.703125,196.6969830093995,0.7199658206576852,0.7473065712949417,0.9446471929550171,-0.042356429501379585,0.8927561682825244,-24.60649311542511,-15.339714871679636,29.583021729561725,0.4,53.65484237670899,0.7374580502510071,57346.28515625,239.47084406300905,0.7536655773423457,0.8177529572503663,0.907987654209137,-0.06234581670101741,0.8621580926671584,-16.794775426387787,-21.222198530360664,-1392.655549774645,,46.88454568386078
256,0.4,120,336,1,16,128,"((0.5, 0.25), (0.01, 0.005, 0.001))","{0: 0.01, 8: 0.005, 12: 0.001}",0.7614786773920059,40844.828125,202.10103444811955,0.7090268169564411,0.7337904965643436,0.9713231921195984,-0.02194374659196183,0.8860897975560037,-27.631795406341553,-12.93459969056244,59.37517526944824,0.4,60.620851516723626,0.7359088659286499,57684.671875,240.17633496037865,0.7482830622158432,0.8151886661611784,0.899446427822113,-0.06813318354998549,0.8618147374919628,-16.672205924987793,-3.852241090323902,14.772760014045943,,48.46399426460266
128,0.4,90,336,1,16,128,"((0.5, 0.25), (0.01, 0.005, 0.001))","{0: 0.01, 8: 0.005, 12: 0.001}",0.781594529747963,37400.15234375,193.39118993312493,0.7255225309303888,0.7596059662589287,0.9167612195014954,-0.0636950073356247,0.896947125272131,-23.165808618068695,-18.600604474125266,-12.055275160615471,0.4,53.273377418518066,0.7350006103515625,57883.05859375,240.5889826940336,0.8238502691767522,0.896110264712727,1.0112558603286743,0.007626727081489228,0.858193948721134,-7.870639115571976,-23.42067604412778,-1400.6705585059733,,50.444573163986206
256,0.4,90,168,1,32,64,"((0.5, 0.25), (0.01, 0.005, 0.001))","{0: 0.01, 16: 0.005, 24: 0.001}",0.7914338260889053,35715.25390625,188.9847980824119,0.759701239066902,0.7986232005152858,0.9185655117034912,-0.062314314003675854,0.8972415295405718,-20.60345858335495,-11.574564770835805,-2100.7604039281114,0.4,54.36683654785156,0.7335624992847443,58197.1796875,241.24091627976378,0.7276865669259521,0.7787472108249376,0.9211905002593994,-0.053399822548000714,0.8621926276810068,-22.73958921432495,-22.60053207979764,-51.56990601405712,,50.838565826416016
64,0.4,120,168,1,32,64,"((0.5, 0.25), (0.01, 0.005, 0.001))","{0: 0.01, 16: 0.005, 24: 0.001}",0.784477710723877,36906.43359375,192.11047236876496,0.7845344589825192,0.8182115382658249,0.9679700136184692,-0.02450962967595374,0.8888584932679198,-17.1757772564888,-23.137018812199422,-2111.68067170425,0.4,52.088966369628906,0.7312235534191132,58708.0703125,242.29748309155008,0.7572184293668961,0.8055622739243508,0.9747656583786011,-0.01709829937045547,0.8568214760498554,-21.816612780094147,-19.355649510814853,38.106503206421586,,47.67662584781647
256,0.4,120,336,1,48,128,"((0.5, 0.25), (0.01, 0.005, 0.001))","{0: 0.01, 24: 0.005, 36: 0.001}",0.7490483820438385,42973.41796875,207.30030865570365,0.6843663713633062,0.7376055818890085,0.8689560890197754,-0.10027585842738425,0.8833756017568903,-26.906710863113403,-14.248197531969154,-2094.4266913183365,0.4,62.04935550689697,0.731171727180481,58719.39453125,242.3208503848771,0.6910366430818129,0.7524458417490697,0.8714711666107178,-0.08708866932156867,0.867125496657867,-27.264481782913208,-13.592996739661615,-1389.0237439408845,,52.87926197052002
64,0.4,90,168,1,32,128,"((0.5, 0.25), (0.01, 0.005, 0.001))","{0: 0.01, 16: 0.005, 24: 0.001}",0.7707886546850204,39250.5703125,198.1175668952655,0.7659316067349877,0.8062682680801725,0.9415186643600464,-0.044750408079615014,0.8823736332501271,-18.872548639774323,-15.3568212770591,-327.24241123261675,0.4,55.781521797180176,0.7303389012813568,58901.30078125,242.69590186331948,0.7428874751346113,0.7961670342035203,0.9336832761764526,-0.044934939055398505,0.8580103361558397,-20.083779096603394,-27.654510835226404,-1403.1097976321564,,50.26957988739014
256,0.4,120,168,1,32,64,"((0.5, 0.25), (0.01, 0.005, 0.001))","{0: 0.01, 16: 0.005, 24: 0.001}",0.7745139598846436,38612.64453125,196.50100389374606,0.7173442895387664,0.7469347383828764,0.9325046539306641,-0.05164797497082196,0.893714524614216,-24.349310994148254,-21.86622483027097,-53.08090491687657,0.4,57.8122329711914,0.7300473153591156,58964.99609375,242.82709093869653,0.7332788576422008,0.7769352101698749,0.9623183608055115,-0.025532362527591383,0.8587117790249028,-23.56659471988678,-24.832450578146457,-1406.7752194402242,,50.666218996047974
64,0.4,120,336,1,16,128,"((0.5, 0.25), (0.01, 0.005, 0.001))","{0: 0.01, 8: 0.005, 12: 0.001}",0.715662956237793,48690.39453125,220.65900056705144,0.6326064092741387,0.663966957166353,0.9220156669616699,-0.059674241330327005,0.8735947452398878,-32.08327889442444,-30.149585328951073,-2122.7439857720897,0.4,67.61006355285645,0.727999210357666,59412.3515625,243.74649035934857,0.7181726291978425,0.7586405332858317,0.9619234204292297,-0.025799950948652537,0.8595633635802259,-23.877188563346863,-18.584369085599526,-1404.067372671717,,48.920005559921265
256,0.4,90,336,1,16,64,"((0.5, 0.25), (0.01, 0.005, 0.001))","{0: 0.01, 8: 0.005, 12: 0.001}",0.7844470739364624,36911.6796875,192.12412572995615,0.8119512478318027,0.8527374262289255,1.0286056995391846,0.021889321227204953,0.8866078419280733,-14.739109575748444,-30.002250735715997,44.37717634868431,0.4,38.3660626411438,0.7271562218666077,59596.484375,244.12391192793876,0.8225845994797911,0.900824274200689,0.9811243414878845,-0.012789786245302184,0.8541092557094179,-8.82856473326683,-25.441832355404042,-7.463246533988714,,50.0616729259491
256,0.4,90,168,1,48,128,"((0.5, 0.25), (0.01, 0.005, 0.001))","{0: 0.01, 24: 0.005, 36: 0.001}",0.788076713681221,36290.1328125,190.49969242101153,0.7473094164650234,0.7982455415817898,0.8876747488975525,-0.08595217913113223,0.8973807645692397,-22.576293349266052,0.898464742717895,-244.4029960093379,0.4,47.93793201446533,0.7262497842311859,59794.4765625,244.52909144414699,0.7511063724095427,0.807105510806576,0.9403132200241089,-0.040442613971902824,0.8544759738391806,-21.726761758327484,-22.757811596323435,-1400.499597265209,,51.23971104621887
128,0.4,120,336,1,48,128,"((0.5, 0.25), (0.01, 0.005, 0.001))","{0: 0.01, 24: 0.005, 36: 0.001}",0.7800583988428116,37663.203125,194.0700984824813,0.7388130776607411,0.7683761934309912,0.9441871643066406,-0.04270842444173809,0.8929768809863843,-22.174549102783203,-22.975567649923327,-2112.797108868955,0.6,60.11527061462403,0.7254110872745514,59977.671875,244.90339294301336,0.7629961506190732,0.8230250629400876,0.9427428841590881,-0.038796337917292326,0.853124818435525,-19.079525768756866,-19.26742791792866,-1399.481833624031,,46.6464638710022
256,0.4,120,336,1,32,128,"((0.5, 0.25), (0.01, 0.005, 0.001))","{0: 0.01, 16: 0.005, 24: 0.001}",0.775102362036705,38511.8828125,196.24444657747642,0.7135660670727164,0.7401174820908839,0.9408683776855469,-0.045247979808632155,0.8950765704912843,-25.660523772239685,-17.200187840814806,51.775346187642334,0.4,56.47526741027832,0.7246699929237366,60139.546875,245.23365771239477,0.7352090004267449,0.7867958238967822,0.9397838711738586,-0.04080129215562389,0.8549749312141337,-19.794876873493195,-26.8129508978936,-1396.418617984273,,53.79112958908081
256,0.4,120,168,1,48,128,"((0.5, 0.25), (0.01, 0.005, 0.001))","{0: 0.01, 24: 0.005, 36: 0.001}",0.7667743265628815,39937.9921875,199.84492034450113,0.7107514104534688,0.7446353773425584,0.9207738041877747,-0.06062454654747758,0.8896511624583066,-25.95205008983612,-24.233872442083587,-2099.5260069482347,0.4,59.87797737121582,0.7244237959384918,60193.32421875,245.34327832396386,0.7574313229145038,0.8206955157195465,0.9284622669219971,-0.048472617307289974,0.8531265246343345,-18.824923038482666,-25.484320729649966,-1396.111271933461,,51.62202715873718
64,0.4,120,336,1,48,64,"((0.5, 0.25), (0.01, 0.005, 0.001))","{0: 0.01, 24: 0.005, 36: 0.001}",0.7877181321382523,36351.53515625,190.66078557545598,0.7681579885344019,0.7973350598022663,0.9646580219268799,-0.027043948998270926,0.8930954403173436,-20.03212422132492,-23.931066359249304,-2109.505442895376,0.4,49.34736728668213,0.7191228866577148,61351.1875,247.69171867464604,0.7882940601283549,0.8574545119273392,0.9607502222061157,-0.026594880533327623,0.8484756001490379,-15.793578326702118,-16.152720871118923,-1399.0579521956197,,45.98332345485687
64,0.4,120,336,1,16,64,"((0.5, 0.25), (0.01, 0.005, 0.001))","{0: 0.01, 8: 0.005, 12: 0.001}",0.7626985311508179,40635.9375,201.58357447966836,0.7055978093799382,0.7386162122394533,0.9239370226860046,-0.05820401901082416,0.8879036627718312,-26.804810762405396,-11.841417125549532,-2102.3926261669963,0.4,62.08132266998291,0.7170713543891907,61799.296875,248.59464369732507,0.7171471320283895,0.7640641940573691,0.9506065249443054,-0.03346807653159437,0.8520124160076629,-24.5949387550354,-23.847659391783367,-1400.2036166152348,,47.406989336013794
128,0.4,90,168,1,48,64,"((0.5, 0.25), (0.01, 0.005, 0.001))","{0: 0.01, 24: 0.005, 36: 0.001}",0.8062641471624374,33175.68359375,182.141932551925,0.7984789129261869,0.830595521161216,0.9531406164169312,-0.035857170733549194,0.9014248040580888,-16.002868115901947,-18.10701655607443,-2092.671171716082,0.6,52.29905605316162,0.7159150838851929,62051.8515625,249.10209064257168,0.7335352061618821,0.7926837486199412,0.9267554879188538,-0.04962909815780586,0.8494719304617714,-22.49247580766678,-28.565128696198805,-1399.568114624754,,48.69577884674072
128,0.4,120,168,1,48,64,"((0.5, 0.25), (0.01, 0.005, 0.001))","{0: 0.01, 24: 0.005, 36: 0.001}",0.8007495999336243,34120.00390625,184.71600879796532,0.7899149716005154,0.8162789215872088,0.9893168807029724,-0.008174793032432355,0.8986680925545226,-16.995473206043243,-15.607361993014973,-2105.3323697960677,0.6,53.21035861968995,0.7144259214401245,62377.12890625,249.75413691518705,0.7919078789043139,0.8619944387577734,0.9803124666213989,-0.013339916173911318,0.8455034079411906,-15.741461515426636,-25.86587625578475,-30.06154524322128,,46.301570534706116
128,0.4,90,336,1,32,64,"((0.5, 0.25), (0.01, 0.005, 0.001))","{0: 0.01, 16: 0.005, 24: 0.001}",0.7642157077789307,40376.13671875,200.93814152308167,0.745606518879885,0.8134145102152279,0.8733763694763184,-0.09689344737782575,0.8822360223532292,-18.71361881494522,-7.4453358652343455,33.41659896376004,0.2,45.670461654663086,0.7141879498958588,62429.11328125,249.85818634027183,0.8170331247109909,0.9195104738208675,0.9348220825195312,-0.04416332061428585,0.8491684625106812,-8.540796488523483,-21.213456537815905,-22.349740594441865,,48.310840129852295
128,0.4,90,168,1,32,64,"((0.5, 0.25), (0.01, 0.005, 0.001))","{0: 0.01, 16: 0.005, 24: 0.001}",0.732319712638855,45838.0625,214.0982543132942,0.7290336587759785,0.7829423532141275,0.9150212407112122,-0.06502643760028684,0.8618430366653547,-20.778176188468933,-18.286747350647612,-2098.9157472709535,0.4,60.449233055114746,0.713374137878418,62606.8671875,250.21364308826168,0.721077450492644,0.77093262335121,0.9501245617866516,-0.033794628433431076,0.8488763213723564,-27.075397968292236,-19.87028183175763,-1401.1341387992813,,47.81355857849121
256,0.4,120,168,1,48,64,"((0.5, 0.25), (0.01, 0.005, 0.001))","{0: 0.01, 24: 0.005, 36: 0.001}",0.7015192210674286,51112.3984375,226.08051317506337,0.5704143158869874,0.5848488486675446,1.025180697441101,0.019268496548709154,0.8924857496953938,-41.410720348358154,-40.460963169808146,71.47118259474813,0.4,59.693269729614265,0.701310783624649,65241.83203125,255.42480700051433,0.6841954648831364,0.724395222743527,0.9875636696815491,-0.008426619262552953,0.8463124961423389,-27.293792366981506,-32.78831276275599,10.261696357058076,,51.680755615234375
256,0.4,90,336,1,48,64,"((0.5, 0.25), (0.01, 0.005, 0.001))","{0: 0.01, 24: 0.005, 36: 0.001}",0.7666126936674118,39965.66796875,199.91415149696132,0.7847832315503767,0.8261060185456274,0.9675539135932922,-0.024827995935649456,0.8774178148639308,-16.42719954252243,-19.75714129268955,-2113.4221357629167,0.4,53.17357063293458,0.6991977095603943,65703.3828125,256.32671107884954,0.7794106716563132,0.8534957965502642,0.9786202311515808,-0.014486537128970828,0.836479127831749,-18.32776516675949,-27.290897389860337,-156.7815825919933,,49.82212781906128
128,0.4,120,336,1,48,64,"((0.5, 0.25), (0.01, 0.005, 0.001))","{0: 0.01, 24: 0.005, 36: 0.001}",0.7851573973894119,36790.04296875,191.80730687007207,0.7867240744045523,0.8195258592017288,1.0244204998016357,0.01868677937092833,0.8890074591192767,-17.96305775642395,-17.954421364724872,-2123.2115549942164,0.6,52.506327629089355,0.6908940970897675,67517.1171875,259.84056108987295,0.7126962101922856,0.7728497526929268,0.9404937028884888,-0.0403203120898512,0.8344547391488134,-24.554413557052612,-25.956655549546486,-1407.9117595239557,,53.84868383407593
256,0.4,90,168,1,48,64,"((0.5, 0.25), (0.01, 0.005, 0.001))","{0: 0.01, 24: 0.005, 36: 0.001}",0.7838704586029053,37010.41796875,192.3809189310364,0.7607181657714602,0.7903414741781143,0.9604974389076233,-0.030227685342334807,0.8916549659231623,-20.377574861049652,-26.79302096367516,12.841512689988562,0.4,57.80537605285645,0.6711618602275848,71827.171875,268.00591761190645,0.7440178336479297,0.8394916760281259,0.9107762575149536,-0.060456308126042635,0.8216658439810225,-15.102460980415344,-14.126067411692244,43.09210736500722,,53.07791233062744
