number,value,datetime_start,datetime_complete,duration,params_batch_size,params_epochs,params_hidden_size,params_num_layers,params_output_dropout,params_schedule_pairs,params_seq_length_1D,params_seq_length_1H,state
0,-1000000000.0,2026-02-24 16:50:15.242860,2026-02-24 16:50:15.245870,0 days 00:00:00.003010,32,64,128,1,0.3723100889501883,"((0.7, 0.2), (0.01, 0.002, 0.0005))",135,155,COMPLETE
1,-1000000000.0,2026-02-24 16:50:15.243320,2026-02-24 16:50:15.245580,0 days 00:00:00.002260,32,64,64,1,0.419644698882643,"((0.5, 0.25), (0.01, 0.005, 0.001))",79,276,COMPLETE
94,-1000000000.0,2026-02-24 16:50:15.772795,2026-02-24 16:50:15.789143,0 days 00:00:00.016348,64,32,128,1,0.37986170758659393,"((0.7, 0.2), (0.01, 0.002, 0.0005))",137,229,COMPLETE
93,-1000000000.0,2026-02-24 16:50:15.751785,2026-02-24 16:50:15.778552,0 days 00:00:00.026767,64,32,128,1,0.42222508572028933,"((0.7, 0.2), (0.01, 0.002, 0.0005))",69,258,COMPLETE
92,-1000000000.0,2026-02-24 16:50:15.745575,2026-02-24 16:50:15.770349,0 days 00:00:00.024774,64,32,128,1,0.4014222498398728,"((0.7, 0.2), (0.01, 0.002, 0.0005))",68,262,COMPLETE
91,-1000000000.0,2026-02-24 16:50:15.739614,2026-02-24 16:50:15.750500,0 days 00:00:00.010886,128,96,128,1,0.5862968765167424,"((0.7, 0.2), (0.01, 0.002, 0.0005))",81,198,COMPLETE
90,-1000000000.0,2026-02-24 16:50:15.731144,2026-02-24 16:50:15.743575,0 days 00:00:00.012431,128,64,64,1,0.3350311802762215,"((0.5, 0.25), (0.01, 0.005, 0.001))",122,137,COMPLETE
89,-1000000000.0,2026-02-24 16:50:15.728250,2026-02-24 16:50:15.738548,0 days 00:00:00.010298,128,64,64,1,0.49389550553459755,"((0.5, 0.25), (0.01, 0.005, 0.001))",87,253,COMPLETE
88,-1000000000.0,2026-02-24 16:50:15.718414,2026-02-24 16:50:15.727178,0 days 00:00:00.008764,32,32,256,1,0.4078337584780584,"((0.7, 0.2), (0.01, 0.002, 0.0005))",149,275,COMPLETE
87,-1000000000.0,2026-02-24 16:50:15.715865,2026-02-24 16:50:15.727905,0 days 00:00:00.012040,32,32,256,1,0.4839361917139042,"((0.7, 0.2), (0.01, 0.002, 0.0005))",115,266,COMPLETE
86,-1000000000.0,2026-02-24 16:50:15.705566,2026-02-24 16:50:15.715066,0 days 00:00:00.009500,32,96,128,1,0.30525804770204357,"((0.5, 0.25), (0.01, 0.005, 0.001))",140,130,COMPLETE
85,-1000000000.0,2026-02-24 16:50:15.703797,2026-02-24 16:50:15.714805,0 days 00:00:00.011008,32,96,128,1,0.36280531526684623,"((0.5, 0.25), (0.01, 0.005, 0.001))",143,145,COMPLETE
84,-1000000000.0,2026-02-24 16:50:15.695194,2026-02-24 16:50:15.703243,0 days 00:00:00.008049,32,96,128,1,0.37803291668752353,"((0.5, 0.25), (0.01, 0.005, 0.001))",134,167,COMPLETE
83,-1000000000.0,2026-02-24 16:50:15.692459,2026-02-24 16:50:15.702744,0 days 00:00:00.010285,32,96,128,1,0.31976971270750565,"((0.5, 0.25), (0.01, 0.005, 0.001))",146,158,COMPLETE
82,-1000000000.0,2026-02-24 16:50:15.682770,2026-02-24 16:50:15.693258,0 days 00:00:00.010488,32,96,128,1,0.32242720041153794,"((0.5, 0.25), (0.01, 0.005, 0.001))",147,156,COMPLETE
81,-1000000000.0,2026-02-24 16:50:15.680142,2026-02-24 16:50:15.689974,0 days 00:00:00.009832,128,64,64,1,0.5264595596951122,"((0.5, 0.25), (0.01, 0.005, 0.001))",72,206,COMPLETE
80,-1000000000.0,2026-02-24 16:50:15.669777,2026-02-24 16:50:15.681265,0 days 00:00:00.011488,64,64,128,1,0.5613293829307193,"((0.6, 0.2), (0.005, 0.0015, 0.0005))",126,207,COMPLETE
79,-1000000000.0,2026-02-24 16:50:15.664110,2026-02-24 16:50:15.678048,0 days 00:00:00.013938,64,64,128,1,0.5666830750412768,"((0.6, 0.2), (0.005, 0.0015, 0.0005))",127,304,COMPLETE
78,-1000000000.0,2026-02-24 16:50:15.655288,2026-02-24 16:50:15.668463,0 days 00:00:00.013175,32,32,256,1,0.5034983914193141,"((0.7, 0.2), (0.01, 0.002, 0.0005))",97,140,COMPLETE
77,-1000000000.0,2026-02-24 16:50:15.652043,2026-02-24 16:50:15.661966,0 days 00:00:00.009923,32,32,256,1,0.4705163996924042,"((0.7, 0.2), (0.01, 0.002, 0.0005))",60,120,COMPLETE
76,-1000000000.0,2026-02-24 16:50:15.642325,2026-02-24 16:50:15.651751,0 days 00:00:00.009426,64,64,128,1,0.5275159299882541,"((0.5, 0.25), (0.01, 0.005, 0.001))",77,294,COMPLETE
75,-1000000000.0,2026-02-24 16:50:15.639312,2026-02-24 16:50:15.650880,0 days 00:00:00.011568,64,96,128,1,0.5476495877279179,"((0.5, 0.25), (0.01, 0.005, 0.001))",79,183,COMPLETE
74,-1000000000.0,2026-02-24 16:50:15.630242,2026-02-24 16:50:15.640622,0 days 00:00:00.010380,64,96,128,1,0.546971158351574,"((0.5, 0.25), (0.01, 0.005, 0.001))",63,191,COMPLETE
73,-1000000000.0,2026-02-24 16:50:15.626964,2026-02-24 16:50:15.638143,0 days 00:00:00.011179,64,96,128,1,0.592074545011449,"((0.5, 0.25), (0.01, 0.005, 0.001))",65,221,COMPLETE
72,-1000000000.0,2026-02-24 16:50:15.617124,2026-02-24 16:50:15.629125,0 days 00:00:00.012001,64,96,128,1,0.5802104358090182,"((0.5, 0.25), (0.01, 0.005, 0.001))",70,217,COMPLETE
71,-1000000000.0,2026-02-24 16:50:15.613477,2026-02-24 16:50:15.625256,0 days 00:00:00.011779,32,96,256,1,0.5732095723036248,"((0.5, 0.25), (0.01, 0.005, 0.001))",110,324,COMPLETE
70,-1000000000.0,2026-02-24 16:50:15.605254,2026-02-24 16:50:15.613920,0 days 00:00:00.008666,128,96,64,1,0.4343370199161332,"((0.5, 0.25), (0.01, 0.005, 0.001))",111,247,COMPLETE
69,-1000000000.0,2026-02-24 16:50:15.603540,2026-02-24 16:50:15.612761,0 days 00:00:00.009221,128,64,64,1,0.43616489503018196,"((0.7, 0.2), (0.01, 0.002, 0.0005))",131,280,COMPLETE
68,-1000000000.0,2026-02-24 16:50:15.589712,2026-02-24 16:50:15.603747,0 days 00:00:00.014035,128,64,128,1,0.3920805929162397,"((0.7, 0.2), (0.01, 0.002, 0.0005))",102,396,COMPLETE
67,-1000000000.0,2026-02-24 16:50:15.586467,2026-02-24 16:50:15.602503,0 days 00:00:00.016036,32,32,128,1,0.38821983193765175,"((0.5, 0.25), (0.01, 0.005, 0.001))",103,237,COMPLETE
66,-1000000000.0,2026-02-24 16:50:15.565028,2026-02-24 16:50:15.586932,0 days 00:00:00.021904,32,32,128,1,0.404276323139079,"((0.5, 0.25), (0.01, 0.005, 0.001))",90,205,COMPLETE
95,-1000000000.0,2026-02-24 16:50:15.780606,2026-02-24 16:50:15.794665,0 days 00:00:00.014059,64,32,128,1,0.46277424054295085,"((0.7, 0.2), (0.01, 0.002, 0.0005))",136,146,COMPLETE
96,-1000000000.0,2026-02-24 16:50:15.790633,2026-02-24 16:50:15.803526,0 days 00:00:00.012893,64,32,128,1,0.36521665855774366,"((0.7, 0.2), (0.01, 0.002, 0.0005))",91,291,COMPLETE
97,-1000000000.0,2026-02-24 16:50:15.796711,2026-02-24 16:50:15.808578,0 days 00:00:00.011867,64,64,128,1,0.44321480553097964,"((0.7, 0.2), (0.01, 0.002, 0.0005))",90,175,COMPLETE
113,-1000000000.0,2026-02-24 16:50:15.924973,2026-02-24 16:50:15.942110,0 days 00:00:00.017137,32,64,64,1,0.2254830146786004,"((0.6, 0.2), (0.005, 0.0015, 0.0005))",109,386,COMPLETE
126,-1000000000.0,2026-02-24 16:50:16.020891,2026-02-24 16:50:16.032151,0 days 00:00:00.011260,32,64,64,1,0.38537195115100853,"((0.7, 0.2), (0.01, 0.002, 0.0005))",80,131,COMPLETE
125,-1000000000.0,2026-02-24 16:50:16.018662,2026-02-24 16:50:16.030229,0 days 00:00:00.011567,32,64,64,1,0.37493483705578046,"((0.7, 0.2), (0.01, 0.002, 0.0005))",80,212,COMPLETE
124,-1000000000.0,2026-02-24 16:50:16.004335,2026-02-24 16:50:16.017335,0 days 00:00:00.013000,32,64,64,1,0.3021476668974506,"((0.7, 0.2), (0.01, 0.002, 0.0005))",85,197,COMPLETE
123,-1000000000.0,2026-02-24 16:50:16.003833,2026-02-24 16:50:16.019112,0 days 00:00:00.015279,32,64,64,1,0.5833000467236961,"((0.7, 0.2), (0.01, 0.002, 0.0005))",84,223,COMPLETE
122,-1000000000.0,2026-02-24 16:50:15.992643,2026-02-24 16:50:16.002646,0 days 00:00:00.010003,32,64,64,1,0.2673105017498356,"((0.7, 0.2), (0.01, 0.002, 0.0005))",72,185,COMPLETE
121,-1000000000.0,2026-02-24 16:50:15.988863,2026-02-24 16:50:16.002406,0 days 00:00:00.013543,64,32,64,1,0.47993994349884794,"((0.5, 0.25), (0.01, 0.005, 0.001))",72,298,COMPLETE
120,-1000000000.0,2026-02-24 16:50:15.978981,2026-02-24 16:50:15.990739,0 days 00:00:00.011758,64,96,128,1,0.20324811216876035,"((0.7, 0.2), (0.01, 0.002, 0.0005))",143,343,COMPLETE
119,-1000000000.0,2026-02-24 16:50:15.972733,2026-02-24 16:50:15.986822,0 days 00:00:00.014089,128,96,128,1,0.5195881381055871,"((0.7, 0.2), (0.01, 0.002, 0.0005))",143,237,COMPLETE
118,-1000000000.0,2026-02-24 16:50:15.962791,2026-02-24 16:50:15.975829,0 days 00:00:00.013038,128,96,128,1,0.551511641437792,"((0.7, 0.2), (0.01, 0.002, 0.0005))",116,255,COMPLETE
117,-1000000000.0,2026-02-24 16:50:15.958511,2026-02-24 16:50:15.970517,0 days 00:00:00.012006,32,64,64,1,0.5050624724966906,"((0.5, 0.25), (0.01, 0.005, 0.001))",116,315,COMPLETE
116,-1000000000.0,2026-02-24 16:50:15.947998,2026-02-24 16:50:15.961039,0 days 00:00:00.013041,32,64,64,1,0.2422299304565019,"((0.5, 0.25), (0.01, 0.005, 0.001))",77,268,COMPLETE
115,-1000000000.0,2026-02-24 16:50:15.943615,2026-02-24 16:50:15.957206,0 days 00:00:00.013591,32,64,64,1,0.24066919166463568,"((0.6, 0.2), (0.005, 0.0015, 0.0005))",66,272,COMPLETE
114,-1000000000.0,2026-02-24 16:50:15.933296,2026-02-24 16:50:15.945990,0 days 00:00:00.012694,32,64,64,1,0.22692408643480552,"((0.6, 0.2), (0.005, 0.0015, 0.0005))",112,150,COMPLETE
112,-1000000000.0,2026-02-24 16:50:15.916067,2026-02-24 16:50:15.930906,0 days 00:00:00.014839,32,64,64,1,0.22995888364372769,"((0.6, 0.2), (0.005, 0.0015, 0.0005))",121,393,COMPLETE
98,-1000000000.0,2026-02-24 16:50:15.804558,2026-02-24 16:50:15.815040,0 days 00:00:00.010482,32,64,256,1,0.35080791751856044,"((0.5, 0.25), (0.01, 0.005, 0.001))",101,172,COMPLETE
111,-1000000000.0,2026-02-24 16:50:15.912098,2026-02-24 16:50:15.923499,0 days 00:00:00.011401,32,96,256,1,0.29191670532181846,"((0.7, 0.2), (0.01, 0.002, 0.0005))",118,326,COMPLETE
110,-1000000000.0,2026-02-24 16:50:15.904427,2026-02-24 16:50:15.914779,0 days 00:00:00.010352,64,32,256,1,0.39418987623992774,"((0.5, 0.25), (0.01, 0.005, 0.001))",132,327,COMPLETE
109,-1000000000.0,2026-02-24 16:50:15.896149,2026-02-24 16:50:15.909635,0 days 00:00:00.013486,64,32,128,1,0.3958884985763196,"((0.5, 0.25), (0.01, 0.005, 0.001))",62,163,COMPLETE
108,-1000000000.0,2026-02-24 16:50:15.885457,2026-02-24 16:50:15.902372,0 days 00:00:00.016915,128,64,128,1,0.4149459155661489,"((0.6, 0.2), (0.005, 0.0015, 0.0005))",142,163,COMPLETE
107,-1000000000.0,2026-02-24 16:50:15.878130,2026-02-24 16:50:15.895284,0 days 00:00:00.017154,128,64,128,1,0.21162216248063678,"((0.6, 0.2), (0.005, 0.0015, 0.0005))",114,302,COMPLETE
106,-1000000000.0,2026-02-24 16:50:15.860413,2026-02-24 16:50:15.875455,0 days 00:00:00.015042,32,64,128,1,0.4284647409074998,"((0.6, 0.2), (0.005, 0.0015, 0.0005))",74,373,COMPLETE
105,-1000000000.0,2026-02-24 16:50:15.855730,2026-02-24 16:50:15.876185,0 days 00:00:00.020455,32,64,64,1,0.4298162031745706,"((0.6, 0.2), (0.005, 0.0015, 0.0005))",139,378,COMPLETE
104,-1000000000.0,2026-02-24 16:50:15.845059,2026-02-24 16:50:15.859200,0 days 00:00:00.014141,32,64,64,1,0.2782540829484739,"((0.6, 0.2), (0.005, 0.0015, 0.0005))",139,336,COMPLETE
103,-1000000000.0,2026-02-24 16:50:15.841774,2026-02-24 16:50:15.852154,0 days 00:00:00.010380,32,64,64,1,0.2531784255600144,"((0.7, 0.2), (0.01, 0.002, 0.0005))",124,360,COMPLETE
102,-1000000000.0,2026-02-24 16:50:15.831009,2026-02-24 16:50:15.843501,0 days 00:00:00.012492,32,64,64,1,0.24974836430502287,"((0.6, 0.2), (0.005, 0.0015, 0.0005))",106,350,COMPLETE
101,-1000000000.0,2026-02-24 16:50:15.825490,2026-02-24 16:50:15.839164,0 days 00:00:00.013674,128,32,64,1,0.5949631777940845,"((0.5, 0.25), (0.01, 0.005, 0.001))",106,281,COMPLETE
100,-1000000000.0,2026-02-24 16:50:15.816815,2026-02-24 16:50:15.829985,0 days 00:00:00.013170,32,96,64,1,0.5981035782973079,"((0.5, 0.25), (0.01, 0.005, 0.001))",129,279,COMPLETE
99,-1000000000.0,2026-02-24 16:50:15.811456,2026-02-24 16:50:15.821722,0 days 00:00:00.010266,32,96,256,1,0.3504045535425951,"((0.5, 0.25), (0.01, 0.005, 0.001))",101,243,COMPLETE
65,-1000000000.0,2026-02-24 16:50:15.554818,2026-02-24 16:50:15.563282,0 days 00:00:00.008464,128,64,64,1,0.3582726769829228,"((0.5, 0.25), (0.01, 0.005, 0.001))",84,124,COMPLETE
64,-1000000000.0,2026-02-24 16:50:15.553413,2026-02-24 16:50:15.563143,0 days 00:00:00.009730,128,64,64,1,0.34902977979976874,"((0.5, 0.25), (0.01, 0.005, 0.001))",94,178,COMPLETE
63,-1000000000.0,2026-02-24 16:50:15.542309,2026-02-24 16:50:15.552529,0 days 00:00:00.010220,128,64,64,1,0.42294928408298504,"((0.5, 0.25), (0.01, 0.005, 0.001))",98,153,COMPLETE
16,-1000000000.0,2026-02-24 16:50:15.277090,2026-02-24 16:50:15.282578,0 days 00:00:00.005488,32,64,128,1,0.3726563108160001,"((0.5, 0.25), (0.01, 0.005, 0.001))",110,318,COMPLETE
29,-1000000000.0,2026-02-24 16:50:15.342264,2026-02-24 16:50:15.352441,0 days 00:00:00.010177,128,96,64,1,0.33556997432158997,"((0.7, 0.2), (0.01, 0.002, 0.0005))",111,298,COMPLETE
28,-1000000000.0,2026-02-24 16:50:15.331485,2026-02-24 16:50:15.341187,0 days 00:00:00.009702,32,64,128,1,0.47418817740122154,"((0.5, 0.25), (0.01, 0.005, 0.001))",86,152,COMPLETE
27,-1000000000.0,2026-02-24 16:50:15.329401,2026-02-24 16:50:15.340680,0 days 00:00:00.011279,32,64,128,1,0.4692414824752341,"((0.5, 0.25), (0.01, 0.005, 0.001))",83,276,COMPLETE
26,-1000000000.0,2026-02-24 16:50:15.323770,2026-02-24 16:50:15.330093,0 days 00:00:00.006323,64,32,128,1,0.5635192968197638,"((0.5, 0.25), (0.01, 0.005, 0.001))",79,272,COMPLETE
25,-1000000000.0,2026-02-24 16:50:15.315097,2026-02-24 16:50:15.327890,0 days 00:00:00.012793,64,32,256,1,0.5553389713105956,"((0.6, 0.2), (0.005, 0.0015, 0.0005))",130,194,COMPLETE
24,-1000000000.0,2026-02-24 16:50:15.306462,2026-02-24 16:50:15.318686,0 days 00:00:00.012224,64,32,256,1,0.418933113567903,"((0.6, 0.2), (0.005, 0.0015, 0.0005))",130,203,COMPLETE
23,-1000000000.0,2026-02-24 16:50:15.301019,2026-02-24 16:50:15.306012,0 days 00:00:00.004993,64,32,128,1,0.5135460528250011,"((0.5, 0.25), (0.01, 0.005, 0.001))",115,160,COMPLETE
22,-1000000000.0,2026-02-24 16:50:15.297536,2026-02-24 16:50:15.305544,0 days 00:00:00.008008,64,32,128,1,0.5020301517922737,"((0.5, 0.25), (0.01, 0.005, 0.001))",99,127,COMPLETE
21,-1000000000.0,2026-02-24 16:50:15.294589,2026-02-24 16:50:15.297940,0 days 00:00:00.003351,64,32,128,1,0.5208819715101388,"((0.5, 0.25), (0.01, 0.005, 0.001))",99,132,COMPLETE
20,-1000000000.0,2026-02-24 16:50:15.290634,2026-02-24 16:50:15.294369,0 days 00:00:00.003735,128,96,64,1,0.26860812027104675,"((0.7, 0.2), (0.01, 0.002, 0.0005))",76,125,COMPLETE
19,-1000000000.0,2026-02-24 16:50:15.287742,2026-02-24 16:50:15.293763,0 days 00:00:00.006021,64,32,64,1,0.3036328535516465,"((0.7, 0.2), (0.01, 0.002, 0.0005))",150,375,COMPLETE
18,-1000000000.0,2026-02-24 16:50:15.283593,2026-02-24 16:50:15.288044,0 days 00:00:00.004451,32,64,128,1,0.29609901407336503,"((0.5, 0.25), (0.01, 0.005, 0.001))",60,377,COMPLETE
17,-1000000000.0,2026-02-24 16:50:15.279380,2026-02-24 16:50:15.283811,0 days 00:00:00.004431,32,64,128,1,0.3646997129809973,"((0.5, 0.25), (0.01, 0.005, 0.001))",62,320,COMPLETE
15,-1000000000.0,2026-02-24 16:50:15.273490,2026-02-24 16:50:15.276420,0 days 00:00:00.002930,32,64,256,1,0.4496553284717999,"((0.6, 0.2), (0.005, 0.0015, 0.0005))",123,170,COMPLETE
31,-1000000000.0,2026-02-24 16:50:15.353930,2026-02-24 16:50:15.363154,0 days 00:00:00.009224,32,32,128,1,0.5578181689750225,"((0.5, 0.25), (0.01, 0.005, 0.001))",142,297,COMPLETE
14,-1000000000.0,2026-02-24 16:50:15.270322,2026-02-24 16:50:15.276279,0 days 00:00:00.005957,32,64,64,1,0.4399694147736069,"((0.7, 0.2), (0.01, 0.002, 0.0005))",87,234,COMPLETE
13,-1000000000.0,2026-02-24 16:50:15.266158,2026-02-24 16:50:15.271341,0 days 00:00:00.005183,32,64,64,1,0.31968863705351713,"((0.7, 0.2), (0.01, 0.002, 0.0005))",90,226,COMPLETE
12,-1000000000.0,2026-02-24 16:50:15.262835,2026-02-24 16:50:15.267734,0 days 00:00:00.004899,32,64,64,1,0.3081767637193897,"((0.7, 0.2), (0.01, 0.002, 0.0005))",79,201,COMPLETE
11,-1000000000.0,2026-02-24 16:50:15.257046,2026-02-24 16:50:15.262250,0 days 00:00:00.005204,32,64,64,1,0.2349961953046152,"((0.6, 0.2), (0.005, 0.0015, 0.0005))",122,399,COMPLETE
10,-1000000000.0,2026-02-24 16:50:15.255430,2026-02-24 16:50:15.262048,0 days 00:00:00.006618,32,64,64,1,0.23662344830876395,"((0.6, 0.2), (0.005, 0.0015, 0.0005))",121,347,COMPLETE
9,-1000000000.0,2026-02-24 16:50:15.254568,2026-02-24 16:50:15.255213,0 days 00:00:00.000645,64,32,128,1,0.4142281805396922,"((0.7, 0.2), (0.01, 0.002, 0.0005))",68,257,COMPLETE
8,-1000000000.0,2026-02-24 16:50:15.253349,2026-02-24 16:50:15.253972,0 days 00:00:00.000623,32,96,128,1,0.35355978601634086,"((0.5, 0.25), (0.01, 0.005, 0.001))",143,149,COMPLETE
7,-1000000000.0,2026-02-24 16:50:15.252363,2026-02-24 16:50:15.253795,0 days 00:00:00.001432,64,96,128,1,0.5926740736502042,"((0.5, 0.25), (0.01, 0.005, 0.001))",70,220,COMPLETE
6,-1000000000.0,2026-02-24 16:50:15.250879,2026-02-24 16:50:15.251863,0 days 00:00:00.000984,128,64,64,1,0.3881811401040792,"((0.5, 0.25), (0.01, 0.005, 0.001))",94,183,COMPLETE
5,-1000000000.0,2026-02-24 16:50:15.249854,2026-02-24 16:50:15.250350,0 days 00:00:00.000496,128,96,256,1,0.47929889698265843,"((0.7, 0.2), (0.01, 0.002, 0.0005))",106,317,COMPLETE
4,-1000000000.0,2026-02-24 16:50:15.249071,2026-02-24 16:50:15.250244,0 days 00:00:00.001173,128,64,256,1,0.5238766473975697,"((0.7, 0.2), (0.01, 0.002, 0.0005))",134,265,COMPLETE
3,-1000000000.0,2026-02-24 16:50:15.247560,2026-02-24 16:50:15.248491,0 days 00:00:00.000931,32,32,128,1,0.580373896638805,"((0.5, 0.25), (0.01, 0.005, 0.001))",139,289,COMPLETE
2,-1000000000.0,2026-02-24 16:50:15.246788,2026-02-24 16:50:15.248132,0 days 00:00:00.001344,64,32,128,1,0.5085250496433339,"((0.5, 0.25), (0.01, 0.005, 0.001))",103,133,COMPLETE
30,-1000000000.0,2026-02-24 16:50:15.344351,2026-02-24 16:50:15.353116,0 days 00:00:00.008765,128,96,64,1,0.35265625151257235,"((0.7, 0.2), (0.01, 0.002, 0.0005))",113,252,COMPLETE
32,-1000000000.0,2026-02-24 16:50:15.356492,2026-02-24 16:50:15.363284,0 days 00:00:00.006792,32,32,128,1,0.5579138195604416,"((0.5, 0.25), (0.01, 0.005, 0.001))",138,289,COMPLETE
62,-1000000000.0,2026-02-24 16:50:15.542018,2026-02-24 16:50:15.552708,0 days 00:00:00.010690,128,64,64,1,0.37013004696059865,"((0.5, 0.25), (0.01, 0.005, 0.001))",82,152,COMPLETE
48,-1000000000.0,2026-02-24 16:50:15.461136,2026-02-24 16:50:15.470963,0 days 00:00:00.009827,32,32,64,1,0.21590538631181774,"((0.5, 0.25), (0.01, 0.005, 0.001))",120,310,COMPLETE
61,-1000000000.0,2026-02-24 16:50:15.530503,2026-02-24 16:50:15.541109,0 days 00:00:00.010606,64,32,128,1,0.45616343687249805,"((0.5, 0.25), (0.01, 0.005, 0.001))",133,260,COMPLETE
60,-1000000000.0,2026-02-24 16:50:15.529252,2026-02-24 16:50:15.540320,0 days 00:00:00.011068,64,32,128,1,0.3259264476290446,"((0.5, 0.25), (0.01, 0.005, 0.001))",74,134,COMPLETE
59,-1000000000.0,2026-02-24 16:50:15.521437,2026-02-24 16:50:15.529013,0 days 00:00:00.007576,32,64,64,1,0.5181326882793785,"((0.6, 0.2), (0.005, 0.0015, 0.0005))",140,312,COMPLETE
58,-1000000000.0,2026-02-24 16:50:15.518390,2026-02-24 16:50:15.527845,0 days 00:00:00.009455,32,64,64,1,0.5092087429575816,"((0.6, 0.2), (0.005, 0.0015, 0.0005))",140,316,COMPLETE
57,-1000000000.0,2026-02-24 16:50:15.509384,2026-02-24 16:50:15.518080,0 days 00:00:00.008696,64,32,256,1,0.54341135775579,"((0.7, 0.2), (0.01, 0.002, 0.0005))",108,302,COMPLETE
56,-1000000000.0,2026-02-24 16:50:15.505344,2026-02-24 16:50:15.516727,0 days 00:00:00.011383,128,96,256,1,0.34261860185758697,"((0.7, 0.2), (0.01, 0.002, 0.0005))",103,350,COMPLETE
55,-1000000000.0,2026-02-24 16:50:15.497305,2026-02-24 16:50:15.505593,0 days 00:00:00.008288,128,96,128,1,0.48637862311962843,"((0.7, 0.2), (0.01, 0.002, 0.0005))",66,285,COMPLETE
54,-1000000000.0,2026-02-24 16:50:15.493934,2026-02-24 16:50:15.504160,0 days 00:00:00.010226,128,96,128,1,0.3777277400876721,"((0.7, 0.2), (0.01, 0.002, 0.0005))",89,286,COMPLETE
53,-1000000000.0,2026-02-24 16:50:15.484591,2026-02-24 16:50:15.493007,0 days 00:00:00.008416,128,96,256,1,0.4786683350286788,"((0.7, 0.2), (0.01, 0.002, 0.0005))",95,329,COMPLETE
52,-1000000000.0,2026-02-24 16:50:15.483919,2026-02-24 16:50:15.493238,0 days 00:00:00.009319,128,96,256,1,0.5128146075972226,"((0.7, 0.2), (0.01, 0.002, 0.0005))",74,362,COMPLETE
51,-1000000000.0,2026-02-24 16:50:15.474686,2026-02-24 16:50:15.481869,0 days 00:00:00.007183,64,64,256,1,0.27880452095945774,"((0.5, 0.25), (0.01, 0.005, 0.001))",145,187,COMPLETE
50,-1000000000.0,2026-02-24 16:50:15.472144,2026-02-24 16:50:15.481670,0 days 00:00:00.009526,32,64,256,1,0.44120274012782645,"((0.5, 0.25), (0.01, 0.005, 0.001))",145,162,COMPLETE
49,-1000000000.0,2026-02-24 16:50:15.463569,2026-02-24 16:50:15.472484,0 days 00:00:00.008915,32,32,64,1,0.4506257914787871,"((0.5, 0.25), (0.01, 0.005, 0.001))",117,167,COMPLETE
47,-1000000000.0,2026-02-24 16:50:15.453096,2026-02-24 16:50:15.460169,0 days 00:00:00.007073,32,64,128,1,0.5789700471338263,"((0.7, 0.2), (0.01, 0.002, 0.0005))",106,141,COMPLETE
33,-1000000000.0,2026-02-24 16:50:15.367892,2026-02-24 16:50:15.381202,0 days 00:00:00.013310,32,32,256,1,0.590764072344,"((0.5, 0.25), (0.01, 0.005, 0.001))",103,242,COMPLETE
46,-1000000000.0,2026-02-24 16:50:15.449295,2026-02-24 16:50:15.459140,0 days 00:00:00.009845,32,64,128,1,0.5384615929015621,"((0.7, 0.2), (0.01, 0.002, 0.0005))",147,232,COMPLETE
45,-1000000000.0,2026-02-24 16:50:15.440732,2026-02-24 16:50:15.448079,0 days 00:00:00.007347,128,64,256,1,0.4134192287239114,"((0.7, 0.2), (0.01, 0.002, 0.0005))",126,269,COMPLETE
44,-1000000000.0,2026-02-24 16:50:15.438084,2026-02-24 16:50:15.447708,0 days 00:00:00.009624,128,64,256,1,0.41411769112944263,"((0.7, 0.2), (0.01, 0.002, 0.0005))",124,269,COMPLETE
43,-1000000000.0,2026-02-24 16:50:15.429055,2026-02-24 16:50:15.437408,0 days 00:00:00.008353,128,64,256,1,0.5757084798049441,"((0.7, 0.2), (0.01, 0.002, 0.0005))",135,249,COMPLETE
42,-1000000000.0,2026-02-24 16:50:15.428640,2026-02-24 16:50:15.437173,0 days 00:00:00.008533,128,64,256,1,0.494744807708588,"((0.7, 0.2), (0.01, 0.002, 0.0005))",136,310,COMPLETE
41,-1000000000.0,2026-02-24 16:50:15.420543,2026-02-24 16:50:15.427025,0 days 00:00:00.006482,32,64,64,1,0.46112921592362355,"((0.6, 0.2), (0.005, 0.0015, 0.0005))",69,262,COMPLETE
40,-1000000000.0,2026-02-24 16:50:15.417674,2026-02-24 16:50:15.427296,0 days 00:00:00.009622,32,64,64,1,0.3864790232287332,"((0.6, 0.2), (0.005, 0.0015, 0.0005))",119,285,COMPLETE
39,-1000000000.0,2026-02-24 16:50:15.408920,2026-02-24 16:50:15.416458,0 days 00:00:00.007538,64,96,256,1,0.4324124779690487,"((0.7, 0.2), (0.01, 0.002, 0.0005))",94,216,COMPLETE
38,-1000000000.0,2026-02-24 16:50:15.408374,2026-02-24 16:50:15.416724,0 days 00:00:00.008350,64,96,128,1,0.5998511399534647,"((0.7, 0.2), (0.01, 0.002, 0.0005))",142,216,COMPLETE
37,-1000000000.0,2026-02-24 16:50:15.397487,2026-02-24 16:50:15.406874,0 days 00:00:00.009387,128,64,128,1,0.5326344039253362,"((0.5, 0.25), (0.01, 0.005, 0.001))",137,144,COMPLETE
36,-1000000000.0,2026-02-24 16:50:15.396096,2026-02-24 16:50:15.405918,0 days 00:00:00.009822,128,64,128,1,0.5341687988913714,"((0.5, 0.25), (0.01, 0.005, 0.001))",128,339,COMPLETE
35,-1000000000.0,2026-02-24 16:50:15.383091,2026-02-24 16:50:15.396455,0 days 00:00:00.013364,32,32,128,1,0.3955016210801718,"((0.5, 0.25), (0.01, 0.005, 0.001))",132,335,COMPLETE
34,-1000000000.0,2026-02-24 16:50:15.382013,2026-02-24 16:50:15.395253,0 days 00:00:00.013240,32,32,128,1,0.49267775538370406,"((0.5, 0.25), (0.01, 0.005, 0.001))",150,176,COMPLETE
127,-1000000000.0,2026-02-24 16:50:16.031729,2026-02-24 16:50:16.049803,0 days 00:00:00.018074,32,64,256,1,0.5411119897339526,"((0.5, 0.25), (0.01, 0.005, 0.001))",136,286,COMPLETE
